brand,service tag,s/n monitor,s/n ups,color sticker,type
dell,105B8T3,1P31GJ3,2.21104E+14,แดง PC 191 เครื่อง,pc
dell,115B8T3,1P41GJ3,2.21104E+14,แดง PC 191 เครื่อง,pc
dell,125B8T3,1Q41GJ3,2.21104E+14,แดง PC 191 เครื่อง,pc
dell,135B8T3,1R31GJ3 ,2.21104E+14,แดง PC 191 เครื่อง,pc
dell,145B8T3,1R41GJ3 ,2.21104E+14,แดง PC 191 เครื่อง,pc
dell,155B8T3,1S41GJ3 ,2.21104E+14,แดง PC 191 เครื่อง,pc
dell,165B8T3,1T41GJ3 ,2.21104E+14,แดง PC 191 เครื่อง,pc
dell,175B8T3,1V41GJ3 ,2.21104E+14,แดง PC 191 เครื่อง,pc
dell,1W4B8T3,1Y21GJ3 ,2.21104E+14,แดง PC 191 เครื่อง,pc
dell,1X4B8T3,2251GJ3 ,2.21104E+14,แดง PC 191 เครื่อง,pc
dell,1Y4B8T3,2641GJ3 ,2.21104E+14,แดง PC 191 เครื่อง,pc
dell,1Z4B8T3,2J31GJ3 ,2.21104E+14,แดง PC 191 เครื่อง,pc
dell,205B8T3,2N41GJ3 ,2.21104E+14,แดง PC 191 เครื่อง,pc
dell,215B8T3,2P41GJ3 ,2.21104E+14,แดง PC 191 เครื่อง,pc
dell,225B8T3,2Q31GJ3 ,2.21104E+14,แดง PC 191 เครื่อง,pc
dell,235B8T3,2T31GJ3 ,2.21104E+14,แดง PC 191 เครื่อง,pc
dell,245B8T3,2V41GJ3 ,2.21104E+14,แดง PC 191 เครื่อง,pc
dell,255B8T3,2W31GJ3 ,2.21104E+14,แดง PC 191 เครื่อง,pc
dell,265B8T3,2X21GJ3 ,2.21104E+14,แดง PC 191 เครื่อง,pc
dell,275B8T3,2X41GJ3 ,2.21104E+14,แดง PC 191 เครื่อง,pc
dell,2W4B8T3,3041GJ3 ,2.21104E+14,แดง PC 191 เครื่อง,pc
dell,2X4B8T3,3131GJ3 ,2.21104E+14,แดง PC 191 เครื่อง,pc
dell,2Y4B8T3,3331GJ3 ,2.21104E+14,แดง PC 191 เครื่อง,pc
dell,2Z4B8T3,3541GJ3 ,2.21104E+14,แดง PC 191 เครื่อง,pc
dell,305B8T3,3831GJ3 ,2.21104E+14,แดง PC 191 เครื่อง,pc
dell,315B8T3,3841GJ3 ,2.21104E+14,แดง PC 191 เครื่อง,pc
dell,325B8T3,3B41GJ3 ,2.21104E+14,แดง PC 191 เครื่อง,pc
dell,335B8T3,3G31GJ3 ,2.21104E+14,แดง PC 191 เครื่อง,pc
dell,345B8T3,3L31GJ3 ,2.21104E+14,แดง PC 191 เครื่อง,pc
dell,355B8T3,3M41GJ3 ,2.21104E+14,แดง PC 191 เครื่อง,pc
dell,365B8T3,3N31GJ3 ,2.21104E+14,แดง PC 191 เครื่อง,pc
dell,375B8T3,3V31GJ3 ,2.21104E+14,แดง PC 191 เครื่อง,pc
dell,3W4B8T3,3Y31GJ3 ,2.21104E+14,แดง PC 191 เครื่อง,pc
dell,3X4B8T3,3Y41GJ3 ,2.21104E+14,แดง PC 191 เครื่อง,pc
dell,3Y4B8T3,4131GJ3 ,2.21104E+14,แดง PC 191 เครื่อง,pc
dell,3Z4B8T3,4251GJ3 ,2.21104E+14,แดง PC 191 เครื่อง,pc
dell,405B8T3,4551GJ3 ,2.21104E+14,แดง PC 191 เครื่อง,pc
dell,415B8T3,4641GJ3 ,2.21104E+14,แดง PC 191 เครื่อง,pc
dell,425B8T3,4851GJ3 ,2.21104E+14,แดง PC 191 เครื่อง,pc
dell,435B8T3,4D41GJ3 ,2.21104E+14,แดง PC 191 เครื่อง,pc
dell,445B8T3,4F31GJ3 ,2.21104E+14,แดง PC 191 เครื่อง,pc
dell,455B8T3,4J31GJ3 ,2.21104E+14,แดง PC 191 เครื่อง,pc
dell,465B8T3,4V41GJ3 ,2.21104E+14,แดง PC 191 เครื่อง,pc
dell,475B8T3,4Z31GJ3 ,2.21104E+14,แดง PC 191 เครื่อง,pc
dell,4W4B8T3,5041GJ3 ,2.21104E+14,แดง PC 191 เครื่อง,pc
dell,4X4B8T3,5151GJ3 ,2.21104E+14,แดง PC 191 เครื่อง,pc
dell,4Y4B8T3,5341GJ3 ,2.21104E+14,แดง PC 191 เครื่อง,pc
dell,4Z4B8T3,5551GJ3 ,2.21104E+14,แดง PC 191 เครื่อง,pc
dell,505B8T3,5651GJ3 ,2.21104E+14,แดง PC 191 เครื่อง,pc
dell,515B8T3,5831GJ3 ,2.21104E+14,แดง PC 191 เครื่อง,pc
dell,525B8T3,5B41GJ3 ,2.21104E+14,แดง PC 191 เครื่อง,pc
dell,535B8T3,5G41GJ3 ,2.21104E+14,แดง PC 191 เครื่อง,pc
dell,545B8T3,5N31GJ3 ,2.21104E+14,แดง PC 191 เครื่อง,pc
dell,555B8T3,5Q41GJ3 ,2.21104E+14,แดง PC 191 เครื่อง,pc
dell,565B8T3,5S41GJ3 ,2.21104E+14,แดง PC 191 เครื่อง,pc
dell,575B8T3,5T31GJ3 ,2.21104E+14,แดง PC 191 เครื่อง,pc
dell,5W4B8T3,5Y41GJ3 ,2.21104E+14,แดง PC 191 เครื่อง,pc
dell,5X4B8T3,5Z31GJ3 ,2.21104E+14,แดง PC 191 เครื่อง,pc
dell,5Y4B8T3,5Z41GJ3 ,2.21104E+14,แดง PC 191 เครื่อง,pc
dell,5Z4B8T3,6351GJ3 ,2.21104E+14,แดง PC 191 เครื่อง,pc
dell,605B8T3,6451GJ3,2.21104E+14,แดง PC 191 เครื่อง,pc
dell,615B8T3,6H31GJ3,2.21104E+14,แดง PC 191 เครื่อง,pc
dell,625B8T3,6L41GJ3,2.21104E+14,แดง PC 191 เครื่อง,pc
dell,635B8T3,6P31GJ3,2.21104E+14,แดง PC 191 เครื่อง,pc
dell,645B8T3,7151GJ3,2.21104E+14,แดง PC 191 เครื่อง,pc
dell,655B8T3,7251GJ3,2.21104E+14,แดง PC 191 เครื่อง,pc
dell,665B8T3,7331GJ3,2.21104E+14,แดง PC 191 เครื่อง,pc
dell,675B8T3,7641GJ3,2.21104E+14,แดง PC 191 เครื่อง,pc
dell,6W4B8T3,7Q31GJ3,2.21104E+14,แดง PC 191 เครื่อง,pc
dell,6X4B8T3,7Y21GJ3,2.21104E+14,แดง PC 191 เครื่อง,pc
dell,6Y4B8T3,7Y41GJ3,2.21104E+14,แดง PC 191 เครื่อง,pc
dell,6Z4B8T3,7Z31GJ3,2.21104E+14,แดง PC 191 เครื่อง,pc
dell,705B8T3,8331GJ3,2.21104E+14,แดง PC 191 เครื่อง,pc
dell,715B8T3,8451GJ3,2.21104E+14,แดง PC 191 เครื่อง,pc
dell,725B8T3,8541GJ3,2.21104E+14,แดง PC 191 เครื่อง,pc
dell,735B8T3,8K31GJ3,2.21104E+14,แดง PC 191 เครื่อง,pc
dell,745B8T3,8K41GJ3,2.21104E+14,แดง PC 191 เครื่อง,pc
dell,755B8T3,8M41GJ3,2.21104E+14,แดง PC 191 เครื่อง,pc
dell,765B8T3,8T31GJ3,2.21104E+14,แดง PC 191 เครื่อง,pc
dell,775B8T3,8W21GJ3,2.21104E+14,แดง PC 191 เครื่อง,pc
dell,7W4B8T3,8X41GJ3,2.21104E+14,แดง PC 191 เครื่อง,pc
dell,7X4B8T3,8Y41GJ3,2.21104E+14,แดง PC 191 เครื่อง,pc
dell,7Y4B8T3,9041GJ3,2.21104E+14,แดง PC 191 เครื่อง,pc
dell,7Z4B8T3,9131GJ3,2.21104E+14,แดง PC 191 เครื่อง,pc
dell,805B8T3,9151GJ3,2.21104E+14,แดง PC 191 เครื่อง,pc
dell,815B8T3,9241GJ3,2.21104E+14,แดง PC 191 เครื่อง,pc
dell,825B8T3,9341GJ3,2.21104E+14,แดง PC 191 เครื่อง,pc
dell,835B8T3,9351GJ3,2.21104E+14,แดง PC 191 เครื่อง,pc
dell,845B8T3,9431GJ3,2.21104E+14,แดง PC 191 เครื่อง,pc
dell,855B8T3,9531GJ3,2.21104E+14,แดง PC 191 เครื่อง,pc
dell,865B8T3,9631GJ3,2.21104E+14,แดง PC 191 เครื่อง,pc
dell,875B8T3,9641GJ3,2.21104E+14,แดง PC 191 เครื่อง,pc
dell,8W4B8T3,9731GJ3,2.21104E+14,แดง PC 191 เครื่อง,pc
dell,8X4B8T3,9941GJ3,2.21104E+14,แดง PC 191 เครื่อง,pc
dell,8Y4B8T3,9C41GJ3,2.21104E+14,แดง PC 191 เครื่อง,pc
dell,8Z4B8T3,9F31GJ3,2.21104E+14,แดง PC 191 เครื่อง,pc
dell,905B8T3,9K41GJ3,2.21104E+14,แดง PC 191 เครื่อง,pc
dell,915B8T3,9Q31GJ3,2.21104E+14,แดง PC 191 เครื่อง,pc
dell,925B8T3,9Q41GJ3,2.21104E+14,แดง PC 191 เครื่อง,pc
dell,935B8T3,9T31GJ3,2.21104E+14,แดง PC 191 เครื่อง,pc
dell,945B8T3,9Y21GJ3,2.21104E+14,แดง PC 191 เครื่อง,pc
dell,955B8T3,B141GJ3,2.21104E+14,แดง PC 191 เครื่อง,pc
dell,965B8T3,B241GJ3,2.21104E+14,แดง PC 191 เครื่อง,pc
dell,975B8T3,B941GJ3,2.21104E+14,แดง PC 191 เครื่อง,pc
dell,9W4B8T3,BG41GJ3,2.21104E+14,แดง PC 191 เครื่อง,pc
dell,9X4B8T3,BH41GJ3,2.21104E+14,แดง PC 191 เครื่อง,pc
dell,9Y4B8T3,BN41GJ3,2.21104E+14,แดง PC 191 เครื่อง,pc
dell,9Z4B8T3,BP31GJ3,2.21104E+14,แดง PC 191 เครื่อง,pc
dell,B05B8T3,BR31GJ3,2.21104E+14,แดง PC 191 เครื่อง,pc
dell,B15B8T3,BV41GJ3,2.21104E+14,แดง PC 191 เครื่อง,pc
dell,B25B8T3,BW41GJ3,2.21104E+14,แดง PC 191 เครื่อง,pc
dell,B35B8T3,C041GJ3,2.21104E+14,แดง PC 191 เครื่อง,pc
dell,B45B8T3,C131GJ3,2.21104E+14,แดง PC 191 เครื่อง,pc
dell,B55B8T3,C751GJ3,2.21104E+14,แดง PC 191 เครื่อง,pc
dell,B65B8T3,CC41GJ3,2.21104E+14,แดง PC 191 เครื่อง,pc
dell,B75B8T3,CF41GJ3,2.21104E+14,แดง PC 191 เครื่อง,pc
dell,BW4B8T3,CJ41GJ3,2.21104E+14,แดง PC 191 เครื่อง,pc
dell,BX4B8T3,CN41GJ3,2.21104E+14,แดง PC 191 เครื่อง,pc
dell,BY4B8T3,CV31GJ3,2.21104E+14,แดง PC 191 เครื่อง,pc
dell,BZ4B8T3,CW31GJ3,2.21104E+14,แดง PC 191 เครื่อง,pc
dell,C05B8T3,CX21GJ3,2.21104E+14,แดง PC 191 เครื่อง,pc
dell,C15B8T3,D241GJ3,2.21104E+14,แดง PC 191 เครื่อง,pc
dell,C25B8T3,D351GJ3,2.21104E+14,แดง PC 191 เครื่อง,pc
dell,C35B8T3,D841GJ3,2.21104E+14,แดง PC 191 เครื่อง,pc
dell,C45B8T3,DB41GJ3,2.21104E+14,แดง PC 191 เครื่อง,pc
dell,C55B8T3,DF41GJ3,2.21104E+14,แดง PC 191 เครื่อง,pc
dell,C65B8T3,DQ41GJ3,2.21104E+14,แดง PC 191 เครื่อง,pc
dell,C75B8T3,DS41GJ3,2.21104E+14,แดง PC 191 เครื่อง,pc
dell,CW4B8T3,DW31GJ3,2.21104E+14,แดง PC 191 เครื่อง,pc
dell,CX4B8T3,DX21GJ3,2.21104E+14,แดง PC 191 เครื่อง,pc
dell,CY4B8T3,DZ21GJ3,2.21104E+14,แดง PC 191 เครื่อง,pc
dell,CZ4B8T3,F041GJ3,2.21104E+14,แดง PC 191 เครื่อง,pc
dell,D05B8T3,F251GJ3,2.21104E+14,แดง PC 191 เครื่อง,pc
dell,D15B8T3,F341GJ3,2.21104E+14,แดง PC 191 เครื่อง,pc
dell,D25B8T3,F351GJ3,2.21104E+14,แดง PC 191 เครื่อง,pc
dell,D35B8T3,F441GJ3,2.21104E+14,แดง PC 191 เครื่อง,pc
dell,D45B8T3,F641GJ3,2.21104E+14,แดง PC 191 เครื่อง,pc
dell,D55B8T3,FB31GJ3,2.21104E+14,แดง PC 191 เครื่อง,pc
dell,D65B8T3,FC31GJ3,2.21104E+14,แดง PC 191 เครื่อง,pc
dell,D75B8T3,FD31GJ3,2.21104E+14,แดง PC 191 เครื่อง,pc
dell,DW4B8T3,FD41GJ3,2.21104E+14,แดง PC 191 เครื่อง,pc
dell,DX4B8T3,FF31GJ3,2.21104E+14,แดง PC 191 เครื่อง,pc
dell,DY4B8T3,FJ41GJ3,2.21104E+14,แดง PC 191 เครื่อง,pc
dell,DZ4B8T3,FK41GJ3,2.21104E+14,แดง PC 191 เครื่อง,pc
dell,F05B8T3,FN31GJ3,2.21104E+14,แดง PC 191 เครื่อง,pc
dell,F15B8T3,FP31GJ3,2.21104E+14,แดง PC 191 เครื่อง,pc
dell,F25B8T3,FS31GJ3,2.21104E+14,แดง PC 191 เครื่อง,pc
dell,F35B8T3,FS41GJ3,2.21104E+14,แดง PC 191 เครื่อง,pc
dell,F45B8T3,G041GJ3,2.21104E+14,แดง PC 191 เครื่อง,pc
dell,F55B8T3,G231GJ3,2.21104E+14,แดง PC 191 เครื่อง,pc
dell,F65B8T3,G351GJ3,2.21104E+14,แดง PC 191 เครื่อง,pc
dell,F75B8T3,G551GJ3,2.21104E+14,แดง PC 191 เครื่อง,pc
dell,FW4B8T3,G741GJ3,2.21104E+14,แดง PC 191 เครื่อง,pc
dell,FX4B8T3,G751GJ3,2.21104E+14,แดง PC 191 เครื่อง,pc
dell,FY4B8T3,GC31GJ3,2.21104E+14,แดง PC 191 เครื่อง,pc
dell,FZ4B8T3,GD41GJ3,2.21104E+14,แดง PC 191 เครื่อง,pc
dell,G05B8T3,GF41GJ3,2.21104E+14,แดง PC 191 เครื่อง,pc
dell,G15B8T3,GH31GJ3,2.21104E+14,แดง PC 191 เครื่อง,pc
dell,G25B8T3,GN41GJ3,2.21104E+14,แดง PC 191 เครื่อง,pc
dell,G35B8T3,GS31GJ3,2.21104E+14,แดง PC 191 เครื่อง,pc
dell,G45B8T3,GW41GJ3,2.21104E+14,แดง PC 191 เครื่อง,pc
dell,G55B8T3,GX31GJ3,2.21104E+14,แดง PC 191 เครื่อง,pc
dell,G65B8T3,GZ41GJ3,2.21104E+14,แดง PC 191 เครื่อง,pc
dell,GW4B8T3,H351GJ3,2.21104E+14,แดง PC 191 เครื่อง,pc
dell,GX4B8T3,H531GJ3,2.21104E+14,แดง PC 191 เครื่อง,pc
dell,GY4B8T3,H541GJ3,2.21104E+14,แดง PC 191 เครื่อง,pc
dell,GZ4B8T3,H731GJ3,2.21104E+14,แดง PC 191 เครื่อง,pc
dell,H05B8T3,HB31GJ3,2.21104E+14,แดง PC 191 เครื่อง,pc
dell,H15B8T3,HB41GJ3,2.21104E+14,แดง PC 191 เครื่อง,pc
dell,H25B8T3,HC31GJ3,2.21104E+14,แดง PC 191 เครื่อง,pc
dell,H35B8T3,HD31GJ3,2.21104E+14,แดง PC 191 เครื่อง,pc
dell,H45B8T3,HH41GJ3,2.21104E+14,แดง PC 191 เครื่อง,pc
dell,H55B8T3,HJ31GJ3,2.21104E+14,แดง PC 191 เครื่อง,pc
dell,H65B8T3,HL31GJ3,2.21104E+14,แดง PC 191 เครื่อง,pc
dell,HV4B8T3,HP31GJ3,2.21104E+14,แดง PC 191 เครื่อง,pc
dell,HW4B8T3,HQ31GJ3,2.21104E+14,แดง PC 191 เครื่อง,pc
dell,HX4B8T3,HV41GJ3,2.21104E+14,แดง PC 191 เครื่อง,pc
dell,HY4B8T3,HX41GJ3,2.21104E+14,แดง PC 191 เครื่อง,pc
dell,HZ4B8T3,HY31GJ3,2.21104E+14,แดง PC 191 เครื่อง,pc
dell,J05B8T3,HY41GJ3,2.21104E+14,แดง PC 191 เครื่อง,pc
dell,J15B8T3,J151GJ3,2.21104E+14,แดง PC 191 เครื่อง,pc
dell,J25B8T3,J341GJ3,2.21104E+14,แดง PC 191 เครื่อง,pc
dell,J35B8T3,J451GJ3,2.21104E+14,แดง PC 191 เครื่อง,pc
dell,J45B8T3,J631GJ3,2.21104E+14,แดง PC 191 เครื่อง,pc
dell,J55B8T3,J931GJ3,2.21104E+14,แดง PC 191 เครื่อง,pc
dell,J65B8T3,J941GJ3,2.21104E+14,แดง PC 191 เครื่อง,pc
dell,JV4B8T3,JB31GJ3,2.21104E+14,แดง PC 191 เครื่อง,pc
dell,JW4B8T3,JG31GJ3,2.21104E+14,แดง PC 191 เครื่อง,pc
dell,JX4B8T3,JS31GJ3,2.21104E+14,แดง PC 191 เครื่อง,pc
dell,JY4B8T3,JW31GJ3,2.21104E+14,แดง PC 191 เครื่อง,pc
dell,JZ4B8T3,JY21GJ3,2.21104E+14,แดง PC 191 เครื่อง,pc
dell,1Q2Q7J3,12GBHC3,21TAZ01681,ส้ม PC 100 เครื่อง,pc
dell,1R2Q7J3,14GBHC3,21TAZ01682,ส้ม PC 100 เครื่อง,pc
dell,1SW08J3,1K79HC3,21TAZ01683,ส้ม PC 100 เครื่อง,pc
dell,1Y2Q7J3,1M99HC3,21TAZ01684,ส้ม PC 100 เครื่อง,pc
dell,1Z2Q7J3,1Y99HC3,21TAZ01685,ส้ม PC 100 เครื่อง,pc
dell,2Q2Q7J3,2099HC3,21TAZ01686,ส้ม PC 100 เครื่อง,pc
dell,2R2Q7J3,21FBHC3,21TAZ01687,ส้ม PC 100 เครื่อง,pc
dell,2RW08J3,2D99HC3,21TAZ01688,ส้ม PC 100 เครื่อง,pc
dell,2SW08J3,2JB9HC3,21TAZ01689,ส้ม PC 100 เครื่อง,pc
dell,2Y2Q7J3,2N99HC3,21TAZ01690,ส้ม PC 100 เครื่อง,pc
dell,2Z2Q7J3,2P89HC3,21TAZ01691,ส้ม PC 100 เครื่อง,pc
dell,3Q2Q7J3,2WDBHC3,21TAZ01692,ส้ม PC 100 เครื่อง,pc
dell,3R2Q7J3,3099HC3,21TAZ01693,ส้ม PC 100 เครื่อง,pc
dell,3RW08J3,3CC9HC3,21TAZ01694,ส้ม PC 100 เครื่อง,pc
dell,3SW08J3,3L99HC3,21TAZ01695,ส้ม PC 100 เครื่อง,pc
dell,3X2Q7J3,3Q89HC3,21TAZ01696,ส้ม PC 100 เครื่อง,pc
dell,3Y2Q7J3,44CBHC3,21TAZ01697,ส้ม PC 100 เครื่อง,pc
dell,3Z2Q7J3,4779HC3,21TAZ01698,ส้ม PC 100 เครื่อง,pc
dell,4Q2Q7J3,49GBHC3,21TAZ01699,ส้ม PC 100 เครื่อง,pc
dell,4R2Q7J3,4BC9HC3,21TAZ01700,ส้ม PC 100 เครื่อง,pc
dell,4RW08J3,4D79HC3,21TAZ01701,ส้ม PC 100 เครื่อง,pc
dell,4SW08J3,4JC9HC3,18TAZ1752   ,ส้ม PC 100 เครื่อง,pc
dell,4X2Q7J3,4V79HC3,21TAZ01703,ส้ม PC 100 เครื่อง,pc
dell,4Y2Q7J3,4W79HC3,21TAZ01704,ส้ม PC 100 เครื่อง,pc
dell,4Z2Q7J3,50CBHC3,21TAZ01705,ส้ม PC 100 เครื่อง,pc
dell,5Q2Q7J3,5B79HC3,21TAZ01706,ส้ม PC 100 เครื่อง,pc
dell,5R2Q7J3,5CB9HC3,21TAZ01707,ส้ม PC 100 เครื่อง,pc
dell,5RW08J3,5F99HC3,21TAZ01708,ส้ม PC 100 เครื่อง,pc
dell,5SW08J3,5J99HC3,21TAZ01709,ส้ม PC 100 เครื่อง,pc
dell,5X2Q7J3,5JCBHC3,21TAZ01710,ส้ม PC 100 เครื่อง,pc
dell,5Y2Q7J3,5V89HC3,21TAZ01711,ส้ม PC 100 เครื่อง,pc
dell,5Z2Q7J3,61C9HC3,21TAZ01712,ส้ม PC 100 เครื่อง,pc
dell,6Q2Q7J3,64C9HC3,21TAZ01713,ส้ม PC 100 เครื่อง,pc
dell,6R2Q7J3,66C9HC3,21TAZ01714,ส้ม PC 100 เครื่อง,pc
dell,6RW08J3,6KCBHC3,21TAZ01715,ส้ม PC 100 เครื่อง,pc
dell,6SW08J3,6RB9HC3,21TAZ01716,ส้ม PC 100 เครื่อง,pc
dell,6X2Q7J3,6SFBHC3,21TAZ01717,ส้ม PC 100 เครื่อง,pc
dell,6Y2Q7J3,6XB9HC3,21TAZ01718,ส้ม PC 100 เครื่อง,pc
dell,6Z2Q7J3,7589HC3,21TAZ01719,ส้ม PC 100 เครื่อง,pc
dell,7Q2Q7J3,79GBHC3,21TAZ01720,ส้ม PC 100 เครื่อง,pc
dell,7R2Q7J3,7BB9HC3,21TAZ01721,ส้ม PC 100 เครื่อง,pc
dell,7RW08J3,7J99HC3,21TAZ01722,ส้ม PC 100 เครื่อง,pc
dell,7SW08J3,7KB9HC3,21TAZ01723,ส้ม PC 100 เครื่อง,pc
dell,7X2Q7J3,7V89HC3,21TAZ01724,ส้ม PC 100 เครื่อง,pc
dell,7Y2Q7J3,7Z99HC3,21TAZ01725,ส้ม PC 100 เครื่อง,pc
dell,7Z2Q7J3,81GBHC3,21TAZ01726,ส้ม PC 100 เครื่อง,pc
dell,8Q2Q7J3,83B9HC3,21TAZ01727,ส้ม PC 100 เครื่อง,pc
dell,8R2Q7J3,8BFBHC3,21TAZ01728,ส้ม PC 100 เครื่อง,pc
dell,8RW08J3,8L99HC3,21TAZ01729,ส้ม PC 100 เครื่อง,pc
dell,8SW08J3,8RDBHC3,21TAZ01730,ส้ม PC 100 เครื่อง,pc
dell,8X2Q7J3,8SBBHC3,21TAZ01731,ส้ม PC 100 เครื่อง,pc
dell,8Y2Q7J3,9589HC3,21TAZ01732,ส้ม PC 100 เครื่อง,pc
dell,8Z2Q7J3,96FBHC3,21TAZ01733,ส้ม PC 100 เครื่อง,pc
dell,9Q2Q7J3,9989HC3,21TAZ01734,ส้ม PC 100 เครื่อง,pc
dell,9R2Q7J3,99DBHC3,21TAZ01735,ส้ม PC 100 เครื่อง,pc
dell,9RW08J3,9C99HC3,21TAZ01736,ส้ม PC 100 เครื่อง,pc
dell,9SW08J3,9L79HC3,21TAZ01737,ส้ม PC 100 เครื่อง,pc
dell,9X2Q7J3,9NB9HC3,21TAZ01738,ส้ม PC 100 เครื่อง,pc
dell,9Y2Q7J3,B0GBHC3,21TAZ01739,ส้ม PC 100 เครื่อง,pc
dell,BP2Q7J3,B5GBHC3,21TAZ01740,ส้ม PC 100 เครื่อง,pc
dell,BQ2Q7J3,BBB9HC3,21TAZ01741,ส้ม PC 100 เครื่อง,pc
dell,BR2Q7J3,BJDBHC3,21TAZ01742,ส้ม PC 100 เครื่อง,pc
dell,BRW08J3,BSFBHC3,21TAZ01743,ส้ม PC 100 เครื่อง,pc
dell,BX2Q7J3,BT79HC3,21TAZ01744,ส้ม PC 100 เครื่อง,pc
dell,BY2Q7J3,C289HC3,21TAZ01745,ส้ม PC 100 เครื่อง,pc
dell,CP2Q7J3,C2HBHC3,21TAZ01746,ส้ม PC 100 เครื่อง,pc
dell,CQ2Q7J3,C499HC3,21TAZ01747,ส้ม PC 100 เครื่อง,pc
dell,CR2Q7J3,C4CBHC3,21TAZ01748,ส้ม PC 100 เครื่อง,pc
dell,CRW08J3,C5FBHC3,21TAZ01749,ส้ม PC 100 เครื่อง,pc
dell,CX2Q7J3,C679HC3,21TAZ01750,ส้ม PC 100 เครื่อง,pc
dell,CY2Q7J3,CD99HC3,21TAZ01751,ส้ม PC 100 เครื่อง,pc
dell,DP2Q7J3,CM79HC3,21TAZ01752,ส้ม PC 100 เครื่อง,pc
dell,DQ2Q7J3,CM89HC3,21TAZ01753,ส้ม PC 100 เครื่อง,pc
dell,DR2Q7J3,CX89HC3,21TAZ01754,ส้ม PC 100 เครื่อง,pc
dell,DRW08J3,CY89HC3,21TAZ01755,ส้ม PC 100 เครื่อง,pc
dell,DX2Q7J3,D979HC3,21TAZ01756,ส้ม PC 100 เครื่อง,pc
dell,DY2Q7J3,DLB9HC3,21TAZ01757,ส้ม PC 100 เครื่อง,pc
dell,FP2Q7J3,DTFBHC3,21TAZ01758,ส้ม PC 100 เครื่อง,pc
dell,FQ2Q7J3,F2B9HC3,21TAZ01759,ส้ม PC 100 เครื่อง,pc
dell,FR2Q7J3,FJ99HC3,21TAZ01760,ส้ม PC 100 เครื่อง,pc
dell,FRW08J3,FT99HC3,21TAZ01769,ส้ม PC 100 เครื่อง,pc
dell,FX2Q7J3,G189HC3,21TAZ01770,ส้ม PC 100 เครื่อง,pc
dell,FY2Q7J3,GDCBHC3,21TAZ01771,ส้ม PC 100 เครื่อง,pc
dell,GP2Q7J3,GJB9HC3,21TAZ01772,ส้ม PC 100 เครื่อง,pc
dell,GQ2Q7J3,GM89HC3,21TAZ01773,ส้ม PC 100 เครื่อง,pc
dell,GR2Q7J3,GN99HC3,21TAZ01774,ส้ม PC 100 เครื่อง,pc
dell,GRW08J3,GP89HC3,21TAZ01777,ส้ม PC 100 เครื่อง,pc
dell,GX2Q7J3,GRFBHC3,21TAZ01778,ส้ม PC 100 เครื่อง,pc
dell,GY2Q7J3,H2HBHC3,21TAZ01779,ส้ม PC 100 เครื่อง,pc
dell,HP2Q7J3,H899HC3,21TAZ01780,ส้ม PC 100 เครื่อง,pc
dell,HQ2Q7J3,HL79HC3,21TAZ01781,ส้ม PC 100 เครื่อง,pc
dell,HR2Q7J3,HQB9HC3,21TAZ01798,ส้ม PC 100 เครื่อง,pc
dell,HRW08J3,HQC9HC3,21TAZ01826,ส้ม PC 100 เครื่อง,pc
dell,HX2Q7J3,HR99HC3,21TAZ02187,ส้ม PC 100 เครื่อง,pc
dell,HY2Q7J3,HSCBHC3,21TAZ02188,ส้ม PC 100 เครื่อง,pc
dell,JP2Q7J3 ,J7C9HC3,21TAZ02218,ส้ม PC 100 เครื่อง,pc
dell,JQ2Q7J3,J879HC3,21TAZ02221,ส้ม PC 100 เครื่อง,pc
dell,JRW08J3,JMCBHC3,21TAZ02222,ส้ม PC 100 เครื่อง,pc
dell,JX2Q7J3 ,JX89HC3,21TAZ02239,ส้ม PC 100 เครื่อง,pc
dell,JY2Q7J3 ,JYB9HC3,21TAZ02240,ส้ม PC 100 เครื่อง,pc
dell,1JBT9S3,,,แดง NB 24 เครื่อง,notebook
dell,1RSS9S3,,,แดง NB 24 เครื่อง,notebook
dell,2RSS9S3,,,แดง NB 24 เครื่อง,notebook
dell,3RSS9S3,,,แดง NB 24 เครื่อง,notebook
dell,4RSS9S3,,,แดง NB 24 เครื่อง,notebook
dell,5RSS9S3,,,แดง NB 24 เครื่อง,notebook
dell,6RSS9S3,,,แดง NB 24 เครื่อง,notebook
dell,7RSS9S3,,,แดง NB 24 เครื่อง,notebook
dell,8RSS9S3,,,แดง NB 24 เครื่อง,notebook
dell,9RSS9S3,,,แดง NB 24 เครื่อง,notebook
dell,BHBT9S3,,,แดง NB 24 เครื่อง,notebook
dell,BRSS9S3,,,แดง NB 24 เครื่อง,notebook
dell,CHBT9S3,,,แดง NB 24 เครื่อง,notebook
dell,CRSS9S3,,,แดง NB 24 เครื่อง,notebook
dell,DHBT9S3,,,แดง NB 24 เครื่อง,notebook
dell,DRSS9S3,,,แดง NB 24 เครื่อง,notebook
dell,FHBT9S3,,,แดง NB 24 เครื่อง,notebook
dell,FQSS9S3,,,แดง NB 24 เครื่อง,notebook
dell,GHBT9S3,,,แดง NB 24 เครื่อง,notebook
dell,GQSS9S3,,,แดง NB 24 เครื่อง,notebook
dell,HHBT9S3,,,แดง NB 24 เครื่อง,notebook
dell,HQSS9S3,,,แดง NB 24 เครื่อง,notebook
dell,JHBT9S3,,,แดง NB 24 เครื่อง,notebook
dell,JQSS9S3,,,แดง NB 24 เครื่อง,notebook
dell,CC95J23,10V3113,19TAZ01972,สำรอง PC 20 เครื่อง,pc
dell,CC9CJ23,2KT3113,19TAZ01973,สำรอง PC 20 เครื่อง,pc
dell,CCC5J23,2RX4113,19TAZ01974,สำรอง PC 20 เครื่อง,pc
dell,CCDCJ23,3DT3113,19TAZ01975,สำรอง PC 20 เครื่อง,pc
dell,CCG8J23,3ST3113,19TAZ01976,สำรอง PC 20 เครื่อง,pc
dell,CCJ5J23,3V05113,19TAZ01977,สำรอง PC 20 เครื่อง,pc
dell,CCK5J23,3VT3113,19TAZ01978,สำรอง PC 20 เครื่อง,pc
dell,CCM6J23, 4KY4113,19TAZ01979,สำรอง PC 20 เครื่อง,pc
dell,CCN8J23,59Z4113,19TAZ01980,สำรอง PC 20 เครื่อง,pc
dell,CCP8J23,5BS3113,19TAZ01981,สำรอง PC 20 เครื่อง,pc
dell,CCR6J23,5F05113,19TAZ01982,สำรอง PC 20 เครื่อง,pc
dell,CCSCJ23,5M05113,19TAZ02000,สำรอง PC 20 เครื่อง,pc
dell,CCV7J23,63X4113,19TAZ02001,สำรอง PC 20 เครื่อง,pc
dell,CCX5J23,65Y4113,19TAZ02004,สำรอง PC 20 เครื่อง,pc
dell,CCZ4J23,6TT3113,19TAZ02005,สำรอง PC 20 เครื่อง,pc
dell,CD1DJ23,77S3113,19TAZ02018,สำรอง PC 20 เครื่อง,pc
dell,CDD8J23,B0Y4113,19TAZ02029,สำรอง PC 20 เครื่อง,pc
dell,CDF9J23,B215113,19TAZ02029,สำรอง PC 20 เครื่อง,pc
dell,CDRCJ23,BNZ4113,19TAZ02051,สำรอง PC 20 เครื่อง,pc
dell,CFHBJ23,HSS3113,19TAZ02133,สำรอง PC 20 เครื่อง,pc
dell,7QPT7N2,6BF03R2,,ทดสอบ,pc
dell,CMB1TR2,H8F03R2,H8F03R2,ทดสอบ,pc
dell,CM53TR2,H7F03R2,,ทดสอบ,pc
dell,7QPS7N2,HTKTUJ2,18TAZ01932,ทดสอบ,pc
dell,DM3F0T2,1142HS2,,ทดสอบ,pc
dell,CFD2TR2,,,ทดสอบ,pc
dell,1DGH264,1FVDP14,2.41104E+14,ม่วง PC นขต. 40 เครื่อง,pc
dell,1FGH264,1LVDP14,2.41104E+14,ม่วง PC นขต. 40 เครื่อง,pc
dell,1GGH264,1WXDP14,2.41104E+14,ม่วง PC นขต. 40 เครื่อง,pc
dell,2DGH264,20WDP14,2.41104E+14,ม่วง PC นขต. 40 เครื่อง,pc
dell,2FGH264,20XDP14,2.41104E+14,ม่วง PC นขต. 40 เครื่อง,pc
dell,2GGH264,23YDP14,2.41104E+14,ม่วง PC นขต. 40 เครื่อง,pc
dell,3DGH264,2GVDP14,2.41104E+14,ม่วง PC นขต. 40 เครื่อง,pc
dell,3FGH264,2QZDP14,2.41104E+14,ม่วง PC นขต. 40 เครื่อง,pc
dell,3GGH264,39YDP14,2.41104E+14,ม่วง PC นขต. 40 เครื่อง,pc
dell,4DGH264,3NZDP14,2.41104E+14,ม่วง PC นขต. 40 เครื่อง,pc
dell,4FGH264,3WWDP14,2.41104E+14,ม่วง PC นขต. 40 เครื่อง,pc
dell,4GGH264,42XDP14,2.41104E+14,ม่วง PC นขต. 40 เครื่อง,pc
dell,5DGH264,4DVDP14,2.41104E+14,ม่วง PC นขต. 40 เครื่อง,pc
dell,5FGH264,4DXDP14,2.41104E+14,ม่วง PC นขต. 40 เครื่อง,pc
dell,6DGH264,5BVDP14,2.41104E+14,ม่วง PC นขต. 40 เครื่อง,pc
dell,6FGH264,5XWDP14,2.41104E+14,ม่วง PC นขต. 40 เครื่อง,pc
dell,7DGH264,67XDP14,2.41104E+14,ม่วง PC นขต. 40 เครื่อง,pc
dell,7FGH264,6LXDP14,2.41104E+14,ม่วง PC นขต. 40 เครื่อง,pc
dell,8DGH264,6TVDP14,2.41104E+14,ม่วง PC นขต. 40 เครื่อง,pc
dell,8FGH264,6VYDP14,2.41104E+14,ม่วง PC นขต. 40 เครื่อง,pc
dell,9DGH264,6ZYDP14,2.41104E+14,ม่วง PC นขต. 40 เครื่อง,pc
dell,9FGH264,71WDP14,2.41104E+14,ม่วง PC นขต. 40 เครื่อง,pc
dell,BDGH264,7DZDP14,2.41104E+14,ม่วง PC นขต. 40 เครื่อง,pc
dell,BFGH264,87VDP14,2.41104E+14,ม่วง PC นขต. 40 เครื่อง,pc
dell,CDGH264,9KYDP14,2.41104E+14,ม่วง PC นขต. 40 เครื่อง,pc
dell,CFGH264,9PVDP14,2.41104E+14,ม่วง PC นขต. 40 เครื่อง,pc
dell,DDGH264,9TYDP14,2.41104E+14,ม่วง PC นขต. 40 เครื่อง,pc
dell,DFGH264,C7VDP14,2.41104E+14,ม่วง PC นขต. 40 เครื่อง,pc
dell,FCGH264,CLZDP14,2.41104E+14,ม่วง PC นขต. 40 เครื่อง,pc
dell,FDGH264,CNYDP14,2.41104E+14,ม่วง PC นขต. 40 เครื่อง,pc
dell,FFGH264,D3XDP14,2.41104E+14,ม่วง PC นขต. 40 เครื่อง,pc
dell,GCGH264,DCVDP14,2.41104E+14,ม่วง PC นขต. 40 เครื่อง,pc
dell,GDGH264,DVXDP14,2.41104E+14,ม่วง PC นขต. 40 เครื่อง,pc
dell,GFGH264,F2VDP14,2.41104E+14,ม่วง PC นขต. 40 เครื่อง,pc
dell,HCGH264,G3WDP14,2.41104E+14,ม่วง PC นขต. 40 เครื่อง,pc
dell,HDGH264,G5ZDP14,2.41104E+14,ม่วง PC นขต. 40 เครื่อง,pc
dell,HFGH264,GFXDP14,2.41104E+14,ม่วง PC นขต. 40 เครื่อง,pc
dell,JCGH264,HZXDP14,2.41104E+14,ม่วง PC นขต. 40 เครื่อง,pc
dell,JDGH264,JGZDP14,2.41104E+14,ม่วง PC นขต. 40 เครื่อง,pc
dell,JFGH264,JPXDP14,2.41104E+14,ม่วง PC นขต. 40 เครื่อง,pc
dell,1H6HX64,1M8GP14,2.50104E+14,ม่วง PC ปฐมภูมิ 15 เครื่อง,pc
dell,2H6HX64,2CCGP14,2.50104E+14,ม่วง PC ปฐมภูมิ 15 เครื่อง,pc
dell,3H6HX64 ,2TBGP14,2.50104E+14,ม่วง PC ปฐมภูมิ 15 เครื่อง,pc
dell,4H6HX64 ,4JBGP14 ,2.50104E+14,ม่วง PC ปฐมภูมิ 15 เครื่อง,pc
dell,5H6HX64,4WCGP14,2.50104E+14,ม่วง PC ปฐมภูมิ 15 เครื่อง,pc
dell,6H6HX64,6X8GP14,2.50104E+14,ม่วง PC ปฐมภูมิ 15 เครื่อง,pc
dell,7H6HX64,92BGP14,2.50104E+14,ม่วง PC ปฐมภูมิ 15 เครื่อง,pc
dell,8H6HX64,9MDGP14,2.50104E+14,ม่วง PC ปฐมภูมิ 15 เครื่อง,pc
dell,9H6HX64,B99GP14,2.50104E+14,ม่วง PC ปฐมภูมิ 15 เครื่อง,pc
dell,CG6HX64,CCCGP14,2.50104E+14,ม่วง PC ปฐมภูมิ 15 เครื่อง,pc
dell,DG6HX64,DTCGP14,2.50104E+14,ม่วง PC ปฐมภูมิ 15 เครื่อง,pc
dell,FG6HX64,F2CGP14,2.50104E+14,ม่วง PC ปฐมภูมิ 15 เครื่อง,pc
dell,GG6HX64,H3CGP14,2.50104E+14,ม่วง PC ปฐมภูมิ 15 เครื่อง,pc
dell,HG6HX64,HNCGP14,2.50104E+14,ม่วง PC ปฐมภูมิ 15 เครื่อง,pc
dell,JG6HX64,JL8GP14,2.50104E+14,ม่วง PC ปฐมภูมิ 15 เครื่อง,pc
